timestamp,event_type,severity,description
2025-11-17 11:53:00,DHCP_rogue,high,Fictive event: DHCP_rogue detected
2025-11-17 13:43:00,ARP_spoofing,low,Fictive event: ARP_spoofing detected
2025-11-17 15:09:00,port_scan,medium,Fictive event: port_scan detected
2025-11-17 18:21:00,SNMPv2c_detected,low,Fictive event: SNMPv2c_detected detected
2025-11-17 18:24:00,SNMPv2c_detected,low,Fictive event: SNMPv2c_detected detected
2025-11-17 18:25:00,DHCP_rogue,high,Fictive event: DHCP_rogue detected
2025-11-17 20:28:00,bruteforce_login,high,Fictive event: bruteforce_login detected
2025-11-17 21:59:00,ARP_spoofing,low,Fictive event: ARP_spoofing detected
2025-11-17 22:13:00,DHCP_rogue,high,Fictive event: DHCP_rogue detected
2025-11-17 22:44:00,bruteforce_login,high,Fictive event: bruteforce_login detected
2025-11-18 01:14:00,SNMPv2c_detected,low,Fictive event: SNMPv2c_detected detected
2025-11-18 02:41:00,ARP_spoofing,low,Fictive event: ARP_spoofing detected
2025-11-18 02:59:00,port_scan,medium,Fictive event: port_scan detected
2025-11-18 05:18:00,SNMPv2c_detected,low,Fictive event: SNMPv2c_detected detected
2025-11-18 06:57:00,ARP_spoofing,low,Fictive event: ARP_spoofing detected
2025-11-18 07:42:00,bruteforce_login,high,Fictive event: bruteforce_login detected
2025-11-18 08:40:00,SNMPv2c_detected,low,Fictive event: SNMPv2c_detected detected
2025-11-18 09:03:00,SNMPv2c_detected,low,Fictive event: SNMPv2c_detected detected
2025-11-18 10:43:00,SNMPv2c_detected,low,Fictive event: SNMPv2c_detected detected
2025-11-18 13:46:00,DHCP_rogue,high,Fictive event: DHCP_rogue detected
2025-11-18 14:12:00,ARP_spoofing,low,Fictive event: ARP_spoofing detected
2025-11-18 15:06:00,unauthorized_access,high,Fictive event: unauthorized_access detected
2025-11-18 15:52:00,SNMPv2c_detected,low,Fictive event: SNMPv2c_detected detected
2025-11-18 17:13:00,unauthorized_access,high,Fictive event: unauthorized_access detected
2025-11-18 20:31:00,ARP_spoofing,low,Fictive event: ARP_spoofing detected
2025-11-18 22:24:00,SNMPv2c_detected,low,Fictive event: SNMPv2c_detected detected
2025-11-18 23:22:00,SNMPv2c_detected,low,Fictive event: SNMPv2c_detected detected
2025-11-19 01:34:00,ARP_spoofing,low,Fictive event: ARP_spoofing detected
2025-11-19 02:21:00,port_scan,medium,Fictive event: port_scan detected
2025-11-19 04:26:00,DHCP_rogue,high,Fictive event: DHCP_rogue detected
2025-11-19 05:05:00,ARP_spoofing,low,Fictive event: ARP_spoofing detected
2025-11-19 05:46:00,SNMPv2c_detected,low,Fictive event: SNMPv2c_detected detected
2025-11-19 08:35:00,SNMPv2c_detected,low,Fictive event: SNMPv2c_detected detected
2025-11-19 11:44:00,SNMPv2c_detected,low,Fictive event: SNMPv2c_detected detected
2025-11-19 11:45:00,SNMPv2c_detected,low,Fictive event: SNMPv2c_detected detected
2025-11-19 14:39:00,DHCP_rogue,high,Fictive event: DHCP_rogue detected
2025-11-19 16:36:00,port_scan,medium,Fictive event: port_scan detected
2025-11-19 17:11:00,SNMPv2c_detected,low,Fictive event: SNMPv2c_detected detected
2025-11-19 17:40:00,DHCP_rogue,high,Fictive event: DHCP_rogue detected
2025-11-19 19:15:00,SNMPv2c_detected,low,Fictive event: SNMPv2c_detected detected
2025-11-19 20:09:00,SNMPv2c_detected,low,Fictive event: SNMPv2c_detected detected
2025-11-19 20:33:00,SNMPv2c_detected,low,Fictive event: SNMPv2c_detected detected
2025-11-19 22:14:00,SNMPv2c_detected,low,Fictive event: SNMPv2c_detected detected
2025-11-19 22:33:00,SNMPv2c_detected,low,Fictive event: SNMPv2c_detected detected
2025-11-19 23:09:00,bruteforce_login,high,Fictive event: bruteforce_login detected
2025-11-19 23:18:00,bruteforce_login,high,Fictive event: bruteforce_login detected
2025-11-20 00:22:00,bruteforce_login,high,Fictive event: bruteforce_login detected
2025-11-20 00:23:00,ARP_spoofing,low,Fictive event: ARP_spoofing detected
2025-11-20 01:33:00,bruteforce_login,high,Fictive event: bruteforce_login detected
2025-11-20 03:50:00,unauthorized_access,high,Fictive event: unauthorized_access detected
2025-11-20 04:13:00,port_scan,medium,Fictive event: port_scan detected
2025-11-20 05:04:00,unauthorized_access,high,Fictive event: unauthorized_access detected
2025-11-20 06:29:00,ARP_spoofing,low,Fictive event: ARP_spoofing detected
2025-11-20 08:57:00,ARP_spoofing,low,Fictive event: ARP_spoofing detected
2025-11-20 09:21:00,SNMPv2c_detected,low,Fictive event: SNMPv2c_detected detected
2025-11-20 12:03:00,DHCP_rogue,high,Fictive event: DHCP_rogue detected
2025-11-20 12:19:00,SNMPv2c_detected,low,Fictive event: SNMPv2c_detected detected
2025-11-20 12:55:00,SNMPv2c_detected,low,Fictive event: SNMPv2c_detected detected
2025-11-20 14:27:00,SNMPv2c_detected,low,Fictive event: SNMPv2c_detected detected
2025-11-20 16:11:00,bruteforce_login,high,Fictive event: bruteforce_login detected
2025-11-20 16:55:00,SNMPv2c_detected,low,Fictive event: SNMPv2c_detected detected
2025-11-20 17:24:00,unauthorized_access,high,Fictive event: unauthorized_access detected
2025-11-20 19:21:00,SNMPv2c_detected,low,Fictive event: SNMPv2c_detected detected
2025-11-20 20:05:00,port_scan,medium,Fictive event: port_scan detected
2025-11-21 01:03:00,bruteforce_login,high,Fictive event: bruteforce_login detected
2025-11-21 03:41:00,DHCP_rogue,high,Fictive event: DHCP_rogue detected
2025-11-21 04:44:00,ARP_spoofing,low,Fictive event: ARP_spoofing detected
2025-11-21 05:18:00,ARP_spoofing,low,Fictive event: ARP_spoofing detected
2025-11-21 07:12:00,bruteforce_login,high,Fictive event: bruteforce_login detected
2025-11-21 09:06:00,ARP_spoofing,low,Fictive event: ARP_spoofing detected
2025-11-21 09:23:00,bruteforce_login,high,Fictive event: bruteforce_login detected
2025-11-21 10:27:00,ARP_spoofing,low,Fictive event: ARP_spoofing detected
2025-11-21 12:13:00,ARP_spoofing,low,Fictive event: ARP_spoofing detected
2025-11-21 13:15:00,SNMPv2c_detected,low,Fictive event: SNMPv2c_detected detected
2025-11-21 13:51:00,bruteforce_login,high,Fictive event: bruteforce_login detected
2025-11-21 14:41:00,SNMPv2c_detected,low,Fictive event: SNMPv2c_detected detected
2025-11-21 16:13:00,port_scan,medium,Fictive event: port_scan detected
2025-11-21 16:35:00,DHCP_rogue,high,Fictive event: DHCP_rogue detected
2025-11-21 17:40:00,SNMPv2c_detected,low,Fictive event: SNMPv2c_detected detected
2025-11-21 20:16:00,bruteforce_login,high,Fictive event: bruteforce_login detected
2025-11-21 21:45:00,bruteforce_login,high,Fictive event: bruteforce_login detected
2025-11-21 22:00:00,bruteforce_login,high,Fictive event: bruteforce_login detected
2025-11-22 02:07:00,DHCP_rogue,high,Fictive event: DHCP_rogue detected
2025-11-22 03:36:00,DHCP_rogue,high,Fictive event: DHCP_rogue detected
2025-11-22 04:43:00,DHCP_rogue,high,Fictive event: DHCP_rogue detected
2025-11-22 07:28:00,port_scan,medium,Fictive event: port_scan detected
2025-11-22 10:04:00,ARP_spoofing,low,Fictive event: ARP_spoofing detected
2025-11-22 10:05:00,ARP_spoofing,low,Fictive event: ARP_spoofing detected
2025-11-22 12:57:00,DHCP_rogue,high,Fictive event: DHCP_rogue detected
2025-11-22 13:25:00,ARP_spoofing,low,Fictive event: ARP_spoofing detected
2025-11-22 14:19:00,port_scan,medium,Fictive event: port_scan detected
2025-11-22 17:41:00,DHCP_rogue,high,Fictive event: DHCP_rogue detected
2025-11-22 19:45:00,SNMPv2c_detected,low,Fictive event: SNMPv2c_detected detected
2025-11-22 21:06:00,unauthorized_access,high,Fictive event: unauthorized_access detected
2025-11-22 22:45:00,ARP_spoofing,low,Fictive event: ARP_spoofing detected
2025-11-23 00:33:00,SNMPv2c_detected,low,Fictive event: SNMPv2c_detected detected
2025-11-23 03:43:00,DHCP_rogue,high,Fictive event: DHCP_rogue detected
2025-11-23 04:35:00,bruteforce_login,high,Fictive event: bruteforce_login detected
2025-11-23 06:50:00,port_scan,medium,Fictive event: port_scan detected
2025-11-23 11:59:00,unauthorized_access,high,Fictive event: unauthorized_access detected
2025-11-23 12:33:00,SNMPv2c_detected,low,Fictive event: SNMPv2c_detected detected
2025-11-23 13:17:00,port_scan,medium,Fictive event: port_scan detected
2025-11-23 14:38:00,DHCP_rogue,high,Fictive event: DHCP_rogue detected
2025-11-23 15:01:00,ARP_spoofing,low,Fictive event: ARP_spoofing detected
2025-11-23 15:13:00,bruteforce_login,high,Fictive event: bruteforce_login detected
2025-11-23 17:15:00,SNMPv2c_detected,low,Fictive event: SNMPv2c_detected detected
2025-11-23 19:20:00,bruteforce_login,high,Fictive event: bruteforce_login detected
2025-11-23 22:52:00,SNMPv2c_detected,low,Fictive event: SNMPv2c_detected detected
2025-11-23 23:15:00,ARP_spoofing,low,Fictive event: ARP_spoofing detected
2025-11-24 01:52:00,port_scan,medium,Fictive event: port_scan detected
2025-11-24 02:18:00,unauthorized_access,high,Fictive event: unauthorized_access detected
2025-11-24 02:24:00,SNMPv2c_detected,low,Fictive event: SNMPv2c_detected detected
2025-11-24 02:46:00,SNMPv2c_detected,low,Fictive event: SNMPv2c_detected detected
2025-11-24 05:20:00,port_scan,medium,Fictive event: port_scan detected
2025-11-24 05:31:00,bruteforce_login,high,Fictive event: bruteforce_login detected
2025-11-24 06:34:00,port_scan,medium,Fictive event: port_scan detected
2025-11-24 07:39:00,DHCP_rogue,high,Fictive event: DHCP_rogue detected
2025-11-24 10:40:00,DHCP_rogue,high,Fictive event: DHCP_rogue detected
2025-11-24 12:09:00,SNMPv2c_detected,low,Fictive event: SNMPv2c_detected detected
2025-11-24 15:57:00,SNMPv2c_detected,low,Fictive event: SNMPv2c_detected detected
2025-11-24 16:31:00,bruteforce_login,high,Fictive event: bruteforce_login detected
2025-11-24 18:28:00,SNMPv2c_detected,low,Fictive event: SNMPv2c_detected detected
2025-11-24 19:02:00,DHCP_rogue,high,Fictive event: DHCP_rogue detected
2025-11-24 20:23:00,bruteforce_login,high,Fictive event: bruteforce_login detected
2025-11-24 22:35:00,ARP_spoofing,low,Fictive event: ARP_spoofing detected
2025-11-25 00:50:00,port_scan,medium,Fictive event: port_scan detected
2025-11-25 02:05:00,bruteforce_login,high,Fictive event: bruteforce_login detected
2025-11-25 05:08:00,ARP_spoofing,low,Fictive event: ARP_spoofing detected
2025-11-25 06:01:00,port_scan,medium,Fictive event: port_scan detected
2025-11-25 06:44:00,bruteforce_login,high,Fictive event: bruteforce_login detected
2025-11-25 06:49:00,SNMPv2c_detected,low,Fictive event: SNMPv2c_detected detected
2025-11-25 09:14:00,ARP_spoofing,low,Fictive event: ARP_spoofing detected
2025-11-25 12:30:00,ARP_spoofing,low,Fictive event: ARP_spoofing detected
2025-11-25 13:01:00,ARP_spoofing,low,Fictive event: ARP_spoofing detected
2025-11-25 13:21:00,SNMPv2c_detected,low,Fictive event: SNMPv2c_detected detected
2025-11-25 14:45:00,SNMPv2c_detected,low,Fictive event: SNMPv2c_detected detected
2025-11-25 15:01:00,bruteforce_login,high,Fictive event: bruteforce_login detected
2025-11-25 16:52:00,SNMPv2c_detected,low,Fictive event: SNMPv2c_detected detected
2025-11-25 16:53:00,ARP_spoofing,low,Fictive event: ARP_spoofing detected
2025-11-25 17:04:00,ARP_spoofing,low,Fictive event: ARP_spoofing detected
2025-11-25 17:08:00,ARP_spoofing,low,Fictive event: ARP_spoofing detected
2025-11-25 18:23:00,SNMPv2c_detected,low,Fictive event: SNMPv2c_detected detected
2025-11-25 22:18:00,SNMPv2c_detected,low,Fictive event: SNMPv2c_detected detected
2025-11-25 22:47:00,DHCP_rogue,high,Fictive event: DHCP_rogue detected
2025-11-25 23:21:00,ARP_spoofing,low,Fictive event: ARP_spoofing detected
2025-11-25 23:49:00,port_scan,medium,Fictive event: port_scan detected
2025-11-26 01:59:00,bruteforce_login,high,Fictive event: bruteforce_login detected
2025-11-26 02:22:00,ARP_spoofing,low,Fictive event: ARP_spoofing detected
2025-11-26 02:59:00,DHCP_rogue,high,Fictive event: DHCP_rogue detected
2025-11-26 03:20:00,unauthorized_access,high,Fictive event: unauthorized_access detected
2025-11-26 04:13:00,unauthorized_access,high,Fictive event: unauthorized_access detected
2025-11-26 05:51:00,unauthorized_access,high,Fictive event: unauthorized_access detected
2025-11-26 06:43:00,port_scan,medium,Fictive event: port_scan detected
2025-11-26 06:56:00,ARP_spoofing,low,Fictive event: ARP_spoofing detected
2025-11-26 08:09:00,SNMPv2c_detected,low,Fictive event: SNMPv2c_detected detected
2025-11-26 08:21:00,ARP_spoofing,low,Fictive event: ARP_spoofing detected
2025-11-26 08:48:00,SNMPv2c_detected,low,Fictive event: SNMPv2c_detected detected
2025-11-26 10:40:00,SNMPv2c_detected,low,Fictive event: SNMPv2c_detected detected
2025-11-26 11:32:00,ARP_spoofing,low,Fictive event: ARP_spoofing detected
2025-11-26 11:56:00,DHCP_rogue,high,Fictive event: DHCP_rogue detected
2025-11-26 15:20:00,ARP_spoofing,low,Fictive event: ARP_spoofing detected
2025-11-26 16:22:00,bruteforce_login,high,Fictive event: bruteforce_login detected
2025-11-26 16:44:00,ARP_spoofing,low,Fictive event: ARP_spoofing detected
2025-11-26 19:00:00,unauthorized_access,high,Fictive event: unauthorized_access detected
2025-11-26 19:17:00,DHCP_rogue,high,Fictive event: DHCP_rogue detected
2025-11-26 19:21:00,ARP_spoofing,low,Fictive event: ARP_spoofing detected
2025-11-26 22:32:00,ARP_spoofing,low,Fictive event: ARP_spoofing detected
2025-11-26 22:35:00,unauthorized_access,high,Fictive event: unauthorized_access detected
2025-11-26 22:58:00,bruteforce_login,high,Fictive event: bruteforce_login detected
2025-11-27 00:11:00,SNMPv2c_detected,low,Fictive event: SNMPv2c_detected detected
2025-11-27 00:23:00,bruteforce_login,high,Fictive event: bruteforce_login detected
2025-11-27 02:34:00,bruteforce_login,high,Fictive event: bruteforce_login detected
2025-11-27 03:28:00,SNMPv2c_detected,low,Fictive event: SNMPv2c_detected detected
2025-11-27 04:03:00,ARP_spoofing,low,Fictive event: ARP_spoofing detected
2025-11-27 04:22:00,bruteforce_login,high,Fictive event: bruteforce_login detected
2025-11-27 04:47:00,SNMPv2c_detected,low,Fictive event: SNMPv2c_detected detected
2025-11-27 07:16:00,SNMPv2c_detected,low,Fictive event: SNMPv2c_detected detected
2025-11-27 08:41:00,port_scan,medium,Fictive event: port_scan detected
2025-11-27 10:35:00,ARP_spoofing,low,Fictive event: ARP_spoofing detected
2025-11-27 12:57:00,bruteforce_login,high,Fictive event: bruteforce_login detected
2025-11-27 13:20:00,bruteforce_login,high,Fictive event: bruteforce_login detected
2025-11-27 14:13:00,bruteforce_login,high,Fictive event: bruteforce_login detected
2025-11-27 14:22:00,ARP_spoofing,low,Fictive event: ARP_spoofing detected
2025-11-27 16:38:00,ARP_spoofing,low,Fictive event: ARP_spoofing detected
2025-11-27 17:38:00,unauthorized_access,high,Fictive event: unauthorized_access detected
2025-11-27 18:20:00,ARP_spoofing,low,Fictive event: ARP_spoofing detected
2025-11-27 19:21:00,port_scan,medium,Fictive event: port_scan detected
2025-11-27 20:04:00,SNMPv2c_detected,low,Fictive event: SNMPv2c_detected detected
2025-11-27 20:38:00,port_scan,medium,Fictive event: port_scan detected
2025-11-27 20:48:00,DHCP_rogue,high,Fictive event: DHCP_rogue detected
2025-11-27 21:25:00,SNMPv2c_detected,low,Fictive event: SNMPv2c_detected detected
2025-11-28 01:01:00,SNMPv2c_detected,low,Fictive event: SNMPv2c_detected detected
2025-11-28 01:07:00,ARP_spoofing,low,Fictive event: ARP_spoofing detected
2025-11-28 02:02:00,SNMPv2c_detected,low,Fictive event: SNMPv2c_detected detected
2025-11-28 02:04:00,DHCP_rogue,high,Fictive event: DHCP_rogue detected
2025-11-28 05:45:00,DHCP_rogue,high,Fictive event: DHCP_rogue detected
2025-11-28 05:52:00,bruteforce_login,high,Fictive event: bruteforce_login detected
2025-11-28 06:51:00,SNMPv2c_detected,low,Fictive event: SNMPv2c_detected detected
2025-11-28 07:00:00,unauthorized_access,high,Fictive event: unauthorized_access detected
2025-11-28 10:32:00,SNMPv2c_detected,low,Fictive event: SNMPv2c_detected detected
2025-11-28 11:16:00,SNMPv2c_detected,low,Fictive event: SNMPv2c_detected detected
2025-11-28 11:28:00,bruteforce_login,high,Fictive event: bruteforce_login detected
2025-11-28 12:31:00,unauthorized_access,high,Fictive event: unauthorized_access detected
2025-11-28 15:53:00,DHCP_rogue,high,Fictive event: DHCP_rogue detected
2025-11-28 17:11:00,bruteforce_login,high,Fictive event: bruteforce_login detected
2025-11-28 17:50:00,bruteforce_login,high,Fictive event: bruteforce_login detected
2025-11-28 18:11:00,bruteforce_login,high,Fictive event: bruteforce_login detected
2025-11-28 18:30:00,SNMPv2c_detected,low,Fictive event: SNMPv2c_detected detected
2025-11-29 02:26:00,DHCP_rogue,high,Fictive event: DHCP_rogue detected
2025-11-29 02:51:00,SNMPv2c_detected,low,Fictive event: SNMPv2c_detected detected
2025-11-29 04:12:00,ARP_spoofing,low,Fictive event: ARP_spoofing detected
2025-11-29 04:14:00,ARP_spoofing,low,Fictive event: ARP_spoofing detected
2025-11-29 06:04:00,SNMPv2c_detected,low,Fictive event: SNMPv2c_detected detected
2025-11-29 06:23:00,unauthorized_access,high,Fictive event: unauthorized_access detected
2025-11-29 08:11:00,bruteforce_login,high,Fictive event: bruteforce_login detected
2025-11-29 10:18:00,SNMPv2c_detected,low,Fictive event: SNMPv2c_detected detected
2025-11-29 18:48:00,port_scan,medium,Fictive event: port_scan detected
2025-11-29 19:39:00,SNMPv2c_detected,low,Fictive event: SNMPv2c_detected detected
2025-11-29 19:40:00,SNMPv2c_detected,low,Fictive event: SNMPv2c_detected detected
2025-11-29 20:43:00,bruteforce_login,high,Fictive event: bruteforce_login detected
2025-11-29 22:23:00,SNMPv2c_detected,low,Fictive event: SNMPv2c_detected detected
2025-11-30 00:32:00,unauthorized_access,high,Fictive event: unauthorized_access detected
2025-11-30 02:36:00,SNMPv2c_detected,low,Fictive event: SNMPv2c_detected detected
2025-11-30 02:50:00,SNMPv2c_detected,low,Fictive event: SNMPv2c_detected detected
2025-11-30 03:58:00,port_scan,medium,Fictive event: port_scan detected
2025-11-30 04:06:00,SNMPv2c_detected,low,Fictive event: SNMPv2c_detected detected
2025-11-30 08:34:00,port_scan,medium,Fictive event: port_scan detected
2025-11-30 09:53:00,bruteforce_login,high,Fictive event: bruteforce_login detected
2025-11-30 10:02:00,SNMPv2c_detected,low,Fictive event: SNMPv2c_detected detected
2025-11-30 10:31:00,SNMPv2c_detected,low,Fictive event: SNMPv2c_detected detected
2025-11-30 12:19:00,SNMPv2c_detected,low,Fictive event: SNMPv2c_detected detected
2025-11-30 14:10:00,bruteforce_login,high,Fictive event: bruteforce_login detected
2025-11-30 14:18:00,SNMPv2c_detected,low,Fictive event: SNMPv2c_detected detected
2025-11-30 14:24:00,ARP_spoofing,low,Fictive event: ARP_spoofing detected
2025-11-30 14:28:00,bruteforce_login,high,Fictive event: bruteforce_login detected
2025-11-30 15:04:00,bruteforce_login,high,Fictive event: bruteforce_login detected
2025-11-30 15:15:00,SNMPv2c_detected,low,Fictive event: SNMPv2c_detected detected
2025-11-30 18:00:00,ARP_spoofing,low,Fictive event: ARP_spoofing detected
2025-11-30 21:27:00,SNMPv2c_detected,low,Fictive event: SNMPv2c_detected detected
2025-11-30 21:45:00,SNMPv2c_detected,low,Fictive event: SNMPv2c_detected detected
2025-11-30 23:31:00,port_scan,medium,Fictive event: port_scan detected
2025-12-01 00:52:00,bruteforce_login,high,Fictive event: bruteforce_login detected
2025-12-01 06:42:00,SNMPv2c_detected,low,Fictive event: SNMPv2c_detected detected
2025-12-01 09:43:00,SNMPv2c_detected,low,Fictive event: SNMPv2c_detected detected
2025-12-01 11:22:00,bruteforce_login,high,Fictive event: bruteforce_login detected
2025-12-01 15:49:00,DHCP_rogue,high,Fictive event: DHCP_rogue detected
2025-12-01 17:12:00,SNMPv2c_detected,low,Fictive event: SNMPv2c_detected detected
2025-12-01 18:01:00,bruteforce_login,high,Fictive event: bruteforce_login detected
2025-12-01 22:02:00,bruteforce_login,high,Fictive event: bruteforce_login detected
2025-12-02 00:29:00,unauthorized_access,high,Fictive event: unauthorized_access detected
2025-12-02 01:54:00,SNMPv2c_detected,low,Fictive event: SNMPv2c_detected detected
2025-12-02 02:39:00,ARP_spoofing,low,Fictive event: ARP_spoofing detected
2025-12-02 04:42:00,SNMPv2c_detected,low,Fictive event: SNMPv2c_detected detected
2025-12-02 05:45:00,ARP_spoofing,low,Fictive event: ARP_spoofing detected
2025-12-02 06:45:00,ARP_spoofing,low,Fictive event: ARP_spoofing detected
2025-12-02 09:10:00,SNMPv2c_detected,low,Fictive event: SNMPv2c_detected detected
2025-12-02 10:03:00,bruteforce_login,high,Fictive event: bruteforce_login detected
2025-12-02 11:06:00,bruteforce_login,high,Fictive event: bruteforce_login detected
2025-12-02 14:18:00,bruteforce_login,high,Fictive event: bruteforce_login detected
2025-12-02 15:18:00,SNMPv2c_detected,low,Fictive event: SNMPv2c_detected detected
2025-12-02 16:48:00,SNMPv2c_detected,low,Fictive event: SNMPv2c_detected detected
2025-12-02 16:54:00,SNMPv2c_detected,low,Fictive event: SNMPv2c_detected detected
2025-12-02 17:15:00,SNMPv2c_detected,low,Fictive event: SNMPv2c_detected detected
2025-12-02 19:01:00,ARP_spoofing,low,Fictive event: ARP_spoofing detected
2025-12-02 19:23:00,SNMPv2c_detected,low,Fictive event: SNMPv2c_detected detected
2025-12-03 01:37:00,SNMPv2c_detected,low,Fictive event: SNMPv2c_detected detected
2025-12-03 02:50:00,ARP_spoofing,low,Fictive event: ARP_spoofing detected
2025-12-03 05:25:00,ARP_spoofing,low,Fictive event: ARP_spoofing detected
2025-12-03 06:44:00,port_scan,medium,Fictive event: port_scan detected
2025-12-03 07:02:00,port_scan,medium,Fictive event: port_scan detected
2025-12-03 07:20:00,DHCP_rogue,high,Fictive event: DHCP_rogue detected
2025-12-03 07:52:00,SNMPv2c_detected,low,Fictive event: SNMPv2c_detected detected
2025-12-03 12:20:00,ARP_spoofing,low,Fictive event: ARP_spoofing detected
2025-12-03 13:08:00,ARP_spoofing,low,Fictive event: ARP_spoofing detected
2025-12-03 13:27:00,DHCP_rogue,high,Fictive event: DHCP_rogue detected
2025-12-03 13:49:00,SNMPv2c_detected,low,Fictive event: SNMPv2c_detected detected
2025-12-03 15:33:00,ARP_spoofing,low,Fictive event: ARP_spoofing detected
2025-12-03 16:58:00,ARP_spoofing,low,Fictive event: ARP_spoofing detected
2025-12-03 21:03:00,bruteforce_login,high,Fictive event: bruteforce_login detected
2025-12-03 22:06:00,ARP_spoofing,low,Fictive event: ARP_spoofing detected
2025-12-03 23:27:00,SNMPv2c_detected,low,Fictive event: SNMPv2c_detected detected
2025-12-04 04:47:00,ARP_spoofing,low,Fictive event: ARP_spoofing detected
2025-12-04 06:02:00,ARP_spoofing,low,Fictive event: ARP_spoofing detected
2025-12-04 07:32:00,SNMPv2c_detected,low,Fictive event: SNMPv2c_detected detected
2025-12-04 08:36:00,port_scan,medium,Fictive event: port_scan detected
2025-12-04 10:15:00,port_scan,medium,Fictive event: port_scan detected
2025-12-04 10:26:00,SNMPv2c_detected,low,Fictive event: SNMPv2c_detected detected
2025-12-04 10:54:00,SNMPv2c_detected,low,Fictive event: SNMPv2c_detected detected
2025-12-04 11:32:00,ARP_spoofing,low,Fictive event: ARP_spoofing detected
2025-12-04 12:10:00,bruteforce_login,high,Fictive event: bruteforce_login detected
2025-12-04 14:07:00,bruteforce_login,high,Fictive event: bruteforce_login detected
2025-12-04 17:57:00,DHCP_rogue,high,Fictive event: DHCP_rogue detected
2025-12-04 19:51:00,unauthorized_access,high,Fictive event: unauthorized_access detected
2025-12-04 21:21:00,bruteforce_login,high,Fictive event: bruteforce_login detected
2025-12-04 23:13:00,SNMPv2c_detected,low,Fictive event: SNMPv2c_detected detected
2025-12-04 23:54:00,ARP_spoofing,low,Fictive event: ARP_spoofing detected
2025-12-05 03:04:00,ARP_spoofing,low,Fictive event: ARP_spoofing detected
2025-12-05 04:07:00,port_scan,medium,Fictive event: port_scan detected
2025-12-05 06:58:00,SNMPv2c_detected,low,Fictive event: SNMPv2c_detected detected
2025-12-05 07:53:00,ARP_spoofing,low,Fictive event: ARP_spoofing detected
2025-12-05 08:49:00,bruteforce_login,high,Fictive event: bruteforce_login detected
2025-12-05 09:22:00,ARP_spoofing,low,Fictive event: ARP_spoofing detected
2025-12-05 10:28:00,SNMPv2c_detected,low,Fictive event: SNMPv2c_detected detected
2025-12-05 12:54:00,port_scan,medium,Fictive event: port_scan detected
2025-12-05 12:56:00,ARP_spoofing,low,Fictive event: ARP_spoofing detected
2025-12-05 15:01:00,port_scan,medium,Fictive event: port_scan detected
2025-12-05 15:10:00,bruteforce_login,high,Fictive event: bruteforce_login detected
2025-12-05 17:27:00,ARP_spoofing,low,Fictive event: ARP_spoofing detected
2025-12-05 19:10:00,unauthorized_access,high,Fictive event: unauthorized_access detected
2025-12-05 19:22:00,unauthorized_access,high,Fictive event: unauthorized_access detected
2025-12-05 21:43:00,unauthorized_access,high,Fictive event: unauthorized_access detected
2025-12-06 00:58:00,SNMPv2c_detected,low,Fictive event: SNMPv2c_detected detected
2025-12-06 02:17:00,bruteforce_login,high,Fictive event: bruteforce_login detected
2025-12-06 02:29:00,SNMPv2c_detected,low,Fictive event: SNMPv2c_detected detected
2025-12-06 04:36:00,bruteforce_login,high,Fictive event: bruteforce_login detected
2025-12-06 10:40:00,SNMPv2c_detected,low,Fictive event: SNMPv2c_detected detected
2025-12-06 12:04:00,ARP_spoofing,low,Fictive event: ARP_spoofing detected
2025-12-06 12:41:00,DHCP_rogue,high,Fictive event: DHCP_rogue detected
2025-12-06 13:08:00,ARP_spoofing,low,Fictive event: ARP_spoofing detected
2025-12-06 14:29:00,DHCP_rogue,high,Fictive event: DHCP_rogue detected
2025-12-06 14:32:00,SNMPv2c_detected,low,Fictive event: SNMPv2c_detected detected
2025-12-06 16:47:00,port_scan,medium,Fictive event: port_scan detected
2025-12-06 17:18:00,SNMPv2c_detected,low,Fictive event: SNMPv2c_detected detected
2025-12-06 17:25:00,bruteforce_login,high,Fictive event: bruteforce_login detected
2025-12-06 19:59:00,bruteforce_login,high,Fictive event: bruteforce_login detected
2025-12-06 21:27:00,port_scan,medium,Fictive event: port_scan detected
2025-12-06 21:59:00,unauthorized_access,high,Fictive event: unauthorized_access detected
2025-12-06 22:39:00,SNMPv2c_detected,low,Fictive event: SNMPv2c_detected detected
2025-12-06 23:09:00,SNMPv2c_detected,low,Fictive event: SNMPv2c_detected detected
2025-12-06 23:21:00,ARP_spoofing,low,Fictive event: ARP_spoofing detected
2025-12-06 23:28:00,ARP_spoofing,low,Fictive event: ARP_spoofing detected
2025-12-07 00:40:00,ARP_spoofing,low,Fictive event: ARP_spoofing detected
2025-12-07 01:27:00,SNMPv2c_detected,low,Fictive event: SNMPv2c_detected detected
2025-12-07 02:56:00,DHCP_rogue,high,Fictive event: DHCP_rogue detected
2025-12-07 03:20:00,SNMPv2c_detected,low,Fictive event: SNMPv2c_detected detected
2025-12-07 06:16:00,bruteforce_login,high,Fictive event: bruteforce_login detected
2025-12-07 06:59:00,SNMPv2c_detected,low,Fictive event: SNMPv2c_detected detected
2025-12-07 08:15:00,unauthorized_access,high,Fictive event: unauthorized_access detected
2025-12-07 09:10:00,SNMPv2c_detected,low,Fictive event: SNMPv2c_detected detected
2025-12-07 09:34:00,DHCP_rogue,high,Fictive event: DHCP_rogue detected
2025-12-07 10:31:00,SNMPv2c_detected,low,Fictive event: SNMPv2c_detected detected
2025-12-07 11:00:00,bruteforce_login,high,Fictive event: bruteforce_login detected
2025-12-07 16:05:00,unauthorized_access,high,Fictive event: unauthorized_access detected
2025-12-07 17:25:00,SNMPv2c_detected,low,Fictive event: SNMPv2c_detected detected
2025-12-07 19:27:00,port_scan,medium,Fictive event: port_scan detected
2025-12-07 20:44:00,unauthorized_access,high,Fictive event: unauthorized_access detected
2025-12-07 21:02:00,ARP_spoofing,low,Fictive event: ARP_spoofing detected
2025-12-07 22:47:00,SNMPv2c_detected,low,Fictive event: SNMPv2c_detected detected
2025-12-08 00:06:00,port_scan,medium,Fictive event: port_scan detected
2025-12-08 06:35:00,port_scan,medium,Fictive event: port_scan detected
2025-12-08 07:44:00,unauthorized_access,high,Fictive event: unauthorized_access detected
2025-12-08 08:02:00,port_scan,medium,Fictive event: port_scan detected
2025-12-08 08:42:00,bruteforce_login,high,Fictive event: bruteforce_login detected
2025-12-08 09:05:00,ARP_spoofing,low,Fictive event: ARP_spoofing detected
2025-12-08 11:03:00,bruteforce_login,high,Fictive event: bruteforce_login detected
2025-12-08 12:33:00,bruteforce_login,high,Fictive event: bruteforce_login detected
2025-12-08 13:26:00,ARP_spoofing,low,Fictive event: ARP_spoofing detected
2025-12-08 13:39:00,DHCP_rogue,high,Fictive event: DHCP_rogue detected
2025-12-08 14:43:00,ARP_spoofing,low,Fictive event: ARP_spoofing detected
2025-12-08 15:57:00,port_scan,medium,Fictive event: port_scan detected
2025-12-08 16:50:00,SNMPv2c_detected,low,Fictive event: SNMPv2c_detected detected
2025-12-08 18:53:00,bruteforce_login,high,Fictive event: bruteforce_login detected
2025-12-08 19:34:00,bruteforce_login,high,Fictive event: bruteforce_login detected
2025-12-08 22:28:00,SNMPv2c_detected,low,Fictive event: SNMPv2c_detected detected
2025-12-08 22:41:00,bruteforce_login,high,Fictive event: bruteforce_login detected
2025-12-08 23:45:00,unauthorized_access,high,Fictive event: unauthorized_access detected
2025-12-09 00:37:00,ARP_spoofing,low,Fictive event: ARP_spoofing detected
2025-12-09 01:39:00,SNMPv2c_detected,low,Fictive event: SNMPv2c_detected detected
2025-12-09 01:53:00,bruteforce_login,high,Fictive event: bruteforce_login detected
2025-12-09 04:13:00,ARP_spoofing,low,Fictive event: ARP_spoofing detected
2025-12-09 05:45:00,bruteforce_login,high,Fictive event: bruteforce_login detected
2025-12-09 06:48:00,ARP_spoofing,low,Fictive event: ARP_spoofing detected
2025-12-09 07:54:00,SNMPv2c_detected,low,Fictive event: SNMPv2c_detected detected
2025-12-09 08:36:00,bruteforce_login,high,Fictive event: bruteforce_login detected
2025-12-09 09:36:00,DHCP_rogue,high,Fictive event: DHCP_rogue detected
2025-12-09 14:13:00,ARP_spoofing,low,Fictive event: ARP_spoofing detected
2025-12-09 18:01:00,SNMPv2c_detected,low,Fictive event: SNMPv2c_detected detected
2025-12-09 18:35:00,unauthorized_access,high,Fictive event: unauthorized_access detected
2025-12-09 20:53:00,SNMPv2c_detected,low,Fictive event: SNMPv2c_detected detected
2025-12-09 22:33:00,SNMPv2c_detected,low,Fictive event: SNMPv2c_detected detected
2025-12-10 01:24:00,DHCP_rogue,high,Fictive event: DHCP_rogue detected
2025-12-10 02:18:00,DHCP_rogue,high,Fictive event: DHCP_rogue detected
2025-12-10 02:37:00,SNMPv2c_detected,low,Fictive event: SNMPv2c_detected detected
2025-12-10 03:32:00,ARP_spoofing,low,Fictive event: ARP_spoofing detected
2025-12-10 03:47:00,SNMPv2c_detected,low,Fictive event: SNMPv2c_detected detected
2025-12-10 05:27:00,unauthorized_access,high,Fictive event: unauthorized_access detected
2025-12-10 06:25:00,ARP_spoofing,low,Fictive event: ARP_spoofing detected
2025-12-10 08:29:00,SNMPv2c_detected,low,Fictive event: SNMPv2c_detected detected
2025-12-10 09:48:00,SNMPv2c_detected,low,Fictive event: SNMPv2c_detected detected
2025-12-10 10:18:00,ARP_spoofing,low,Fictive event: ARP_spoofing detected
2025-12-10 10:34:00,ARP_spoofing,low,Fictive event: ARP_spoofing detected
2025-12-10 13:16:00,port_scan,medium,Fictive event: port_scan detected
2025-12-10 13:55:00,port_scan,medium,Fictive event: port_scan detected
2025-12-10 14:11:00,bruteforce_login,high,Fictive event: bruteforce_login detected
2025-12-10 16:28:00,port_scan,medium,Fictive event: port_scan detected
2025-12-10 16:46:00,ARP_spoofing,low,Fictive event: ARP_spoofing detected
2025-12-10 17:46:00,bruteforce_login,high,Fictive event: bruteforce_login detected
2025-12-10 18:30:00,ARP_spoofing,low,Fictive event: ARP_spoofing detected
2025-12-10 19:39:00,SNMPv2c_detected,low,Fictive event: SNMPv2c_detected detected
2025-12-11 00:14:00,SNMPv2c_detected,low,Fictive event: SNMPv2c_detected detected
2025-12-11 02:04:00,port_scan,medium,Fictive event: port_scan detected
2025-12-11 02:20:00,ARP_spoofing,low,Fictive event: ARP_spoofing detected
2025-12-11 03:50:00,port_scan,medium,Fictive event: port_scan detected
2025-12-11 06:36:00,SNMPv2c_detected,low,Fictive event: SNMPv2c_detected detected
2025-12-11 07:07:00,bruteforce_login,high,Fictive event: bruteforce_login detected
2025-12-11 07:51:00,bruteforce_login,high,Fictive event: bruteforce_login detected
2025-12-11 11:29:00,bruteforce_login,high,Fictive event: bruteforce_login detected
2025-12-11 11:46:00,unauthorized_access,high,Fictive event: unauthorized_access detected
2025-12-11 11:53:00,bruteforce_login,high,Fictive event: bruteforce_login detected
2025-12-11 12:05:00,ARP_spoofing,low,Fictive event: ARP_spoofing detected
2025-12-11 15:26:00,ARP_spoofing,low,Fictive event: ARP_spoofing detected
2025-12-11 15:32:00,DHCP_rogue,high,Fictive event: DHCP_rogue detected
2025-12-11 16:11:00,ARP_spoofing,low,Fictive event: ARP_spoofing detected
2025-12-11 16:16:00,ARP_spoofing,low,Fictive event: ARP_spoofing detected
2025-12-11 17:08:00,DHCP_rogue,high,Fictive event: DHCP_rogue detected
2025-12-11 17:58:00,SNMPv2c_detected,low,Fictive event: SNMPv2c_detected detected
2025-12-11 22:47:00,unauthorized_access,high,Fictive event: unauthorized_access detected
2025-12-11 23:55:00,port_scan,medium,Fictive event: port_scan detected
2025-12-12 02:24:00,bruteforce_login,high,Fictive event: bruteforce_login detected
2025-12-12 02:52:00,DHCP_rogue,high,Fictive event: DHCP_rogue detected
2025-12-12 03:38:00,DHCP_rogue,high,Fictive event: DHCP_rogue detected
2025-12-12 06:27:00,port_scan,medium,Fictive event: port_scan detected
2025-12-12 08:10:00,SNMPv2c_detected,low,Fictive event: SNMPv2c_detected detected
2025-12-12 12:21:00,DHCP_rogue,high,Fictive event: DHCP_rogue detected
2025-12-12 12:45:00,SNMPv2c_detected,low,Fictive event: SNMPv2c_detected detected
2025-12-12 15:09:00,SNMPv2c_detected,low,Fictive event: SNMPv2c_detected detected
2025-12-12 16:00:00,DHCP_rogue,high,Fictive event: DHCP_rogue detected
2025-12-12 16:34:00,port_scan,medium,Fictive event: port_scan detected
2025-12-12 16:35:00,ARP_spoofing,low,Fictive event: ARP_spoofing detected
2025-12-12 18:10:00,ARP_spoofing,low,Fictive event: ARP_spoofing detected
2025-12-12 19:16:00,DHCP_rogue,high,Fictive event: DHCP_rogue detected
2025-12-12 19:20:00,port_scan,medium,Fictive event: port_scan detected
2025-12-12 19:46:00,bruteforce_login,high,Fictive event: bruteforce_login detected
2025-12-12 21:26:00,SNMPv2c_detected,low,Fictive event: SNMPv2c_detected detected
2025-12-13 04:17:00,port_scan,medium,Fictive event: port_scan detected
2025-12-13 05:33:00,bruteforce_login,high,Fictive event: bruteforce_login detected
2025-12-13 08:33:00,SNMPv2c_detected,low,Fictive event: SNMPv2c_detected detected
2025-12-13 09:36:00,ARP_spoofing,low,Fictive event: ARP_spoofing detected
2025-12-13 09:50:00,ARP_spoofing,low,Fictive event: ARP_spoofing detected
2025-12-13 10:24:00,bruteforce_login,high,Fictive event: bruteforce_login detected
2025-12-13 11:02:00,port_scan,medium,Fictive event: port_scan detected
2025-12-13 12:36:00,SNMPv2c_detected,low,Fictive event: SNMPv2c_detected detected
2025-12-13 16:12:00,SNMPv2c_detected,low,Fictive event: SNMPv2c_detected detected
2025-12-13 16:46:00,bruteforce_login,high,Fictive event: bruteforce_login detected
2025-12-13 17:47:00,SNMPv2c_detected,low,Fictive event: SNMPv2c_detected detected
2025-12-13 18:17:00,ARP_spoofing,low,Fictive event: ARP_spoofing detected
2025-12-13 18:26:00,bruteforce_login,high,Fictive event: bruteforce_login detected
2025-12-13 19:03:00,port_scan,medium,Fictive event: port_scan detected
2025-12-13 19:49:00,DHCP_rogue,high,Fictive event: DHCP_rogue detected
2025-12-13 22:42:00,bruteforce_login,high,Fictive event: bruteforce_login detected
2025-12-14 03:26:00,SNMPv2c_detected,low,Fictive event: SNMPv2c_detected detected
2025-12-14 03:30:00,bruteforce_login,high,Fictive event: bruteforce_login detected
2025-12-14 10:27:00,ARP_spoofing,low,Fictive event: ARP_spoofing detected
2025-12-14 10:42:00,SNMPv2c_detected,low,Fictive event: SNMPv2c_detected detected
2025-12-14 13:12:00,DHCP_rogue,high,Fictive event: DHCP_rogue detected
2025-12-14 14:03:00,bruteforce_login,high,Fictive event: bruteforce_login detected
2025-12-14 15:17:00,unauthorized_access,high,Fictive event: unauthorized_access detected
2025-12-14 16:31:00,ARP_spoofing,low,Fictive event: ARP_spoofing detected
2025-12-14 18:30:00,port_scan,medium,Fictive event: port_scan detected
2025-12-14 20:15:00,ARP_spoofing,low,Fictive event: ARP_spoofing detected
2025-12-14 20:37:00,ARP_spoofing,low,Fictive event: ARP_spoofing detected
2025-12-14 23:03:00,ARP_spoofing,low,Fictive event: ARP_spoofing detected
2025-12-15 00:26:00,port_scan,medium,Fictive event: port_scan detected
2025-12-15 04:11:00,ARP_spoofing,low,Fictive event: ARP_spoofing detected
2025-12-15 05:13:00,DHCP_rogue,high,Fictive event: DHCP_rogue detected
2025-12-15 05:59:00,SNMPv2c_detected,low,Fictive event: SNMPv2c_detected detected
2025-12-15 11:17:00,SNMPv2c_detected,low,Fictive event: SNMPv2c_detected detected
2025-12-15 11:54:00,SNMPv2c_detected,low,Fictive event: SNMPv2c_detected detected
2025-12-15 12:12:00,DHCP_rogue,high,Fictive event: DHCP_rogue detected
2025-12-15 15:29:00,SNMPv2c_detected,low,Fictive event: SNMPv2c_detected detected
2025-12-15 16:22:00,DHCP_rogue,high,Fictive event: DHCP_rogue detected
2025-12-15 18:05:00,bruteforce_login,high,Fictive event: bruteforce_login detected
2025-12-15 20:12:00,SNMPv2c_detected,low,Fictive event: SNMPv2c_detected detected
2025-12-15 20:20:00,bruteforce_login,high,Fictive event: bruteforce_login detected
2025-12-15 22:24:00,bruteforce_login,high,Fictive event: bruteforce_login detected
2025-12-15 22:26:00,ARP_spoofing,low,Fictive event: ARP_spoofing detected
2025-12-15 23:03:00,bruteforce_login,high,Fictive event: bruteforce_login detected
2025-12-16 02:53:00,SNMPv2c_detected,low,Fictive event: SNMPv2c_detected detected
2025-12-16 05:53:00,port_scan,medium,Fictive event: port_scan detected
2025-12-16 07:42:00,bruteforce_login,high,Fictive event: bruteforce_login detected
2025-12-16 09:03:00,bruteforce_login,high,Fictive event: bruteforce_login detected
2025-12-16 10:44:00,port_scan,medium,Fictive event: port_scan detected
2025-12-16 10:50:00,SNMPv2c_detected,low,Fictive event: SNMPv2c_detected detected
2025-12-16 10:56:00,bruteforce_login,high,Fictive event: bruteforce_login detected
2025-12-16 11:14:00,bruteforce_login,high,Fictive event: bruteforce_login detected
2025-12-16 11:42:00,bruteforce_login,high,Fictive event: bruteforce_login detected
2025-12-16 12:53:00,SNMPv2c_detected,low,Fictive event: SNMPv2c_detected detected
2025-12-16 15:11:00,SNMPv2c_detected,low,Fictive event: SNMPv2c_detected detected
2025-12-16 15:29:00,bruteforce_login,high,Fictive event: bruteforce_login detected
2025-12-16 15:54:00,SNMPv2c_detected,low,Fictive event: SNMPv2c_detected detected
2025-12-16 17:40:00,SNMPv2c_detected,low,Fictive event: SNMPv2c_detected detected
2025-12-16 18:11:00,SNMPv2c_detected,low,Fictive event: SNMPv2c_detected detected
2025-12-16 18:38:00,bruteforce_login,high,Fictive event: bruteforce_login detected
2025-12-16 20:00:00,SNMPv2c_detected,low,Fictive event: SNMPv2c_detected detected
2025-12-16 20:31:00,ARP_spoofing,low,Fictive event: ARP_spoofing detected
2025-12-16 21:46:00,port_scan,medium,Fictive event: port_scan detected
2025-12-17 00:33:00,DHCP_rogue,high,Fictive event: DHCP_rogue detected
2025-12-17 00:34:00,port_scan,medium,Fictive event: port_scan detected
2025-12-17 00:41:00,ARP_spoofing,low,Fictive event: ARP_spoofing detected
2025-12-17 04:08:00,ARP_spoofing,low,Fictive event: ARP_spoofing detected
